Player Name,Team-name,Age,Position,App,MinP,Goals,Assist,YC,RC,SPG,PS%,AW,MOTM,Rating,Goals_per90,Assists_per90,GI_per90,Cards_per90,Rating_norm,PS_Category
Robert Lewandowski,Barcelona,34,FW,20(1),1682,15,5,0,1,3.8,79.0,1.6,7,7.53,0.8,0.27,1.07,0.05,1.0,Average
Karim Benzema,Real Madrid,35,FW,15,1306,11,3,1,0,4.7,87.0,0.7,4,7.45,0.76,0.21,0.96,0.07,0.99,Good
Antoine Griezmann,Atletico,31,AM(CLR) FW,18(7),1693,8,8,0,0,2.6,81.5,0.8,5,7.45,0.43,0.43,0.85,0.0,0.99,Good
Vinícius Júnior,Real Madrid,22,AM(L) FW,24,2122,8,4,8,0,2.5,82.3,,4,7.38,0.34,0.17,0.51,0.34,0.98,Good
Pedri,Barcelona,20,AM(CL),18(3),1634,6,0,2,0,0.8,88.5,,3,7.28,0.33,0.0,0.33,0.11,0.97,Good
Federico Valverde,Real Madrid,24,M(CLR),22(),1960,7,2,2,0,2.1,88.2,0.9,4,7.26,0.32,0.09,0.41,0.09,0.96,Good
Mikel Merino,Real Sociedad,26,M(C),18(3),1607,1,7,5,1,1.5,76.8,3.5,5,7.23,0.06,0.39,0.45,0.34,0.96,Average
Joselu,Espanyol,32,FW,21(23),1909,12,2,3,0,2.5,61.6,5.6,4,7.22,0.57,0.09,0.66,0.14,0.96,Poor
Rodrygo,Real Madrid,22,AM(CLR) FW,16(6),1546,4,5,2,0,2.9,89.9,0.5,2,7.2,0.23,0.29,0.52,0.12,0.96,Good
Memphis Depay,Barcelona,29,AM(CL) FW,2,116,1,0,0,0,3.0,83.9,0.5,0,7.2,0.78,0.0,0.78,0.0,0.96,Good
Aleix García,Girona,25,DMC,25,2148,1,5,1,0,1.2,89.3,0.5,2,7.19,0.04,0.21,0.25,0.04,0.95,Good
Ousmane Dembélé,Barcelona,25,AM(CLR) FW,14(4),1108,5,5,4,0,2.2,84.0,0.1,2,7.18,0.41,0.41,0.81,0.32,0.95,Good
Pape Gueye,Sevilla,24,DMC,5,433,0,3,1,1,1.4,82.8,1.2,1,7.12,0.0,0.62,0.62,0.42,0.95,Good
Jeremías Ledesma,Cadiz,30,GK,25,2250,0,0,1,0,,44.5,0.3,4,7.11,0.0,0.0,0.0,0.04,0.94,Poor
Gonzalo Escalante,Cadiz,29,DMC,6(),543,2,0,2,0,0.9,76.6,1.7,1,7.11,0.33,0.0,0.33,0.33,0.94,Average
Sergi Darder,Espanyol,29,M(CL),25,2225,4,2,2,0,1.0,77.7,0.2,4,7.1,0.16,0.08,0.24,0.08,0.94,Average
Frenkie de Jong,Barcelona,25,D(C) DMC,,1693,2,1,2,0,0.6,90.5,0.8,1,7.09,0.11,0.05,0.16,0.11,0.94,Excellent
Enes Ünal,Getafe,25,FW,25,2190,12,3,4,0,2.5,63.6,3.9,3,7.08,0.49,0.12,0.62,0.16,0.94,Poor
José Gayà,Valencia,27,D(L) M(L),19,1636,1,2,4,0,0.7,81.4,0.8,3,7.07,0.06,0.11,0.17,0.22,0.94,Good
Iago Aspas,Celta Vigo,35,AM(CR) FW,23(2),2108,11,3,3,0,2.4,79.2,0.8,2,7.07,0.47,0.13,0.6,0.13,0.94,Average
Éder Militão,Real Madrid,25,D(CR),19(2),1668,4,0,3,0,0.8,87.9,2.0,2,7.06,0.22,0.0,0.22,0.16,0.94,Good
Javi Galán,Celta Vigo,28,D(L) M(L),24(1),2170,0,2,2,0,0.3,79.1,1.0,5,7.06,0.0,0.08,0.08,0.08,0.94,Average
Toni Kroos,Real Madrid,33,M(C),17(3),1447,2,3,0,1,1.1,95.0,0.3,1,7.05,0.12,0.19,0.31,0.06,0.94,Excellent
Jordi Masip,Real Valladolid,34,GK,17,1518,0,0,2,0,,67.8,0.4,1,7.04,0.0,0.0,0.0,0.12,0.93,Poor
Raphinha,Barcelona,26,AM(LR) FW,14(10),1275,6,4,4,0,2.0,80.6,0.3,4,7.03,0.42,0.28,0.71,0.28,0.93,Good
Daniel Parejo,Villarreal,33,M(C),25,2209,1,3,3,0,0.7,89.7,0.4,3,7.03,0.04,0.12,0.16,0.12,0.93,Good
Isi Palazón,Rayo Vallecano,28,AM(R),23(1),1940,5,5,4,0,2.5,79.7,0.8,0,7.02,0.23,0.23,0.46,0.19,0.93,Average
Vedat Muriqi,Mallorca,28,FW,22,1923,10,2,5,1,2.3,58.1,5.6,3,7.02,0.47,0.09,0.56,0.28,0.93,Poor
Brais Méndez,Real Sociedad,26,AM(CR) FW,22(2),1837,7,3,5,0,1.8,82.9,0.8,1,7.01,0.34,0.15,0.49,0.24,0.93,Good
Sergi Guardiola,Cadiz,31,FW,3(2),287,2,0,0,0,2.2,76.7,0.6,1,7.0,0.63,0.0,0.63,0.0,0.93,Average
Aurélien Tchouaméni,Real Madrid,23,DMC,15(5),1252,0,3,1,0,1.1,93.5,1.7,1,6.99,0.0,0.22,0.22,0.07,0.93,Excellent
Juan Foyth,Villarreal,25,D(CR) DMC,12(2),1082,1,0,3,0,0.5,88.3,1.3,0,6.99,0.08,0.0,0.08,0.25,0.93,Good
Marko Dmitrovic,Sevilla,31,GK,2(2),278,0,0,2,0,,63.9,0.3,0,6.98,0.0,0.0,0.0,0.65,0.93,Poor
Jules Koundé,Barcelona,24,D(CR),16(1),1393,0,2,1,0,0.4,89.1,1.3,1,6.97,0.0,0.13,0.13,0.06,0.93,Good
Gerard Moreno,Villarreal,30,AM(CR) FW,12(3),1034,6,2,4,0,2.3,73.4,1.1,1,6.96,0.52,0.17,0.7,0.35,0.92,Average
Sergio Busquets,Barcelona,34,DMC,19(2),1563,0,3,4,1,0.3,88.4,2.0,0,6.95,0.0,0.17,0.17,0.29,0.92,Good
Lucas Robertone,Almeria,25,AM(C),23(1),1846,1,5,6,0,1.0,81.9,0.6,2,6.95,0.05,0.24,0.29,0.29,0.92,Good
Viktor Tsygankov,Girona,25,AM(CLR),4(2),361,1,3,0,0,0.5,71.7,0.2,0,6.94,0.25,0.75,1.0,0.0,0.92,Average
Alejandro Balde,Barcelona,19,D(LR),19(3),1574,0,4,2,0,0.3,91.0,0.4,0,6.94,0.0,0.23,0.23,0.11,0.92,Excellent
José Giménez,Atletico,28,D(CR),14(2),1341,1,0,7,0,1.0,86.8,1.9,2,6.93,0.07,0.0,0.07,0.47,0.92,Good
Andreas Christensen,Barcelona,26,D(C) DMC,14(1),1176,0,1,2,0,0.3,93.6,2.1,0,6.92,0.0,0.08,0.08,0.15,0.92,Excellent
Ramón Terrats,Villarreal,22,M(C),3(1),239,0,1,0,0,1.8,89.5,1.0,1,6.91,0.0,0.38,0.38,0.0,0.92,Good
Reinildo,Atletico,29,D(CL) M(L),22,1860,0,0,4,0,0.3,87.1,1.4,1,6.91,0.0,0.0,0.0,0.19,0.92,Good
Félix Garreta,Real Betis,18,DEFENDER,1,90,0,0,0,0,,87.2,1.0,0,6.9,0.0,0.0,0.0,0.0,0.92,Good
Marc-André ter Stegen,Barcelona,30,GK,25,2250,0,0,0,0,,82.5,0.2,0,6.89,0.0,0.0,0.0,0.0,0.92,Good
Iván Villar,Celta Vigo,25,GK,6,540,0,0,0,0,,61.4,,0,6.88,0.0,0.0,0.0,0.0,0.91,Poor
Gabri Veiga,Celta Vigo,20,M(C),17(7),1440,8,3,4,1,1.9,79.7,0.5,2,6.87,0.5,0.19,0.69,0.31,0.91,Average
Aitor Fernández,Osasuna,31,GK,13,1170,0,0,1,0,,58.1,0.2,1,6.87,0.0,0.0,0.0,0.08,0.91,Poor
Guido Rodríguez,Real Betis,28,DMC,20(1),1708,0,0,6,0,0.5,88.0,1.3,1,6.87,0.0,0.0,0.0,0.32,0.91,Good
Lee Kang-In,Mallorca,22,AM(CLR) FW,22(2),1873,3,4,6,0,1.4,81.0,0.3,3,6.87,0.14,0.19,0.34,0.29,0.91,Good
Yeray Álvarez,Athletic Bilbao,28,D(C),20,1720,1,1,5,1,0.3,82.1,1.9,1,6.87,0.05,0.05,0.1,0.31,0.91,Good
Álvaro Morata,Atletico,30,AM(L) FW,16(9),1326,10,1,3,0,1.9,63.2,1.5,2,6.86,0.68,0.07,0.75,0.2,0.91,Poor
Alexander Sørloth,Real Sociedad,27,AM(R) FW,19(2),1600,9,1,4,0,1.9,70.4,1.5,2,6.86,0.51,0.06,0.56,0.22,0.91,Average
David García,Osasuna,29,D(C),22,1942,2,0,7,1,0.5,80.8,2.6,0,6.86,0.09,0.0,0.09,0.37,0.91,Good
Jordi Alba,Barcelona,33,D(L) M(L),10(6),1002,1,3,2,1,0.6,88.0,0.4,1,6.86,0.09,0.27,0.36,0.27,0.91,Good
Vinicius Souza,Espanyol,23,DMC,23,1985,0,0,5,1,0.3,80.6,2.6,0,6.85,0.0,0.0,0.0,0.27,0.91,Good
Gavi,Barcelona,18,AM(CL),19(5),1632,1,2,5,0,0.7,88.1,1.2,0,6.85,0.06,0.11,0.17,0.28,0.91,Good
Gerard Piqué,Barcelona,36,D(C),5(2),383,0,0,3,1,0.4,92.2,2.9,0,6.85,0.0,0.0,0.0,0.94,0.91,Excellent
Álvaro García,Rayo Vallecano,30,AM(L),22(1),1935,4,2,4,0,1.4,71.9,0.5,2,6.85,0.19,0.09,0.28,0.19,0.91,Average
Takefusa Kubo,Real Sociedad,21,AM(CLR) FW,19(3),1603,4,3,2,0,2.0,77.0,0.5,3,6.85,0.22,0.17,0.39,0.11,0.91,Average
Loïc Badé,Sevilla,22,D(C),6(1),538,0,0,1,0,0.1,91.0,1.4,1,6.84,0.0,0.0,0.0,0.17,0.91,Excellent
Álex Moreno,Real Betis,29,D(L) M(L),15,1350,0,3,1,0,0.9,77.4,0.6,0,6.84,0.0,0.2,0.2,0.07,0.91,Average
Ronald Araújo,Barcelona,24,D(CR),12(1),1033,0,1,5,1,0.7,88.7,1.9,0,6.83,0.0,0.09,0.09,0.52,0.91,Good
Eric García,Barcelona,22,D(C),11(3),911,1,0,3,0,0.3,92.0,1.2,0,6.82,0.1,0.0,0.1,0.3,0.91,Excellent
Thibaut Courtois,Real Madrid,30,GK,19,1710,0,0,0,0,,82.6,0.3,0,6.82,0.0,0.0,0.0,0.0,0.91,Good
Iza Carcelén,Cadiz,29,D(R),16(2),1420,0,1,2,3,0.3,80.3,0.7,0,6.82,0.0,0.06,0.06,0.32,0.91,Good
Nico Williams,Athletic Bilbao,20,AM(LR),23(1),1916,4,4,1,0,2.0,78.7,0.4,2,6.81,0.19,0.19,0.38,0.05,0.9,Average
Samuel Chukwueze,Villarreal,23,AM(CR),15(9),1394,3,5,1,0,1.3,77.7,0.3,2,6.81,0.19,0.32,0.52,0.06,0.9,Average
Fernando Pacheco,Espanyol,30,GK,4,360,0,0,0,0,,61.3,,0,6.81,0.0,0.0,0.0,0.0,0.9,Poor
William Carvalho,Real Betis,30,DMC,20(1),1614,2,0,5,1,0.7,86.7,1.1,2,6.81,0.11,0.0,0.11,0.33,0.9,Good
André Almeida,Valencia,22,M(C),18(4),1582,2,3,2,0,0.5,84.5,0.5,0,6.81,0.11,0.17,0.28,0.11,0.9,Good
Luka Modric,Real Madrid,37,M(C),15(8),1339,4,3,5,0,1.1,90.2,0.3,0,6.8,0.27,0.2,0.47,0.34,0.9,Excellent
Anuar Tuhami,Real Valladolid,28,AM(C),3,212,1,0,1,0,1.0,76.3,0.7,1,6.8,0.42,0.0,0.42,0.42,0.9,Average
Pau Torres,Villarreal,26,D(C),22,1980,0,0,9,0,0.4,85.7,1.4,0,6.79,0.0,0.0,0.0,0.41,0.9,Good
Samuel Lino,Valencia,23,AM(LR) FW,24(1),2056,2,1,3,0,2.5,80.8,0.5,1,6.78,0.09,0.04,0.13,0.13,0.9,Good
Borja García,Girona,32,AM(CL),6(1),447,1,0,1,0,1.0,82.9,0.7,0,6.77,0.2,0.0,0.2,0.2,0.9,Good
Eduardo Camavinga,Real Madrid,20,D(L) DMC,13(12),1267,0,1,4,0,0.6,91.6,0.7,0,6.76,0.0,0.07,0.07,0.28,0.9,Excellent
Iker Muniain,Athletic Bilbao,30,AM(CLR),15(6),1296,0,3,2,0,1.0,86.2,0.1,1,6.76,0.0,0.21,0.21,0.14,0.9,Good
Dani Vivian,Athletic Bilbao,23,D(C),17(1),1534,1,0,5,0,0.4,80.5,1.4,0,6.76,0.06,0.0,0.06,0.29,0.9,Good
Germán Pezzella,Real Betis,31,D(C),19(2),1702,0,0,2,2,0.4,88.4,2.1,1,6.76,0.0,0.0,0.0,0.21,0.9,Good
Aitor Ruibal,Real Betis,26,D(R) M(LR),11(9),1081,0,0,3,0,0.6,79.7,0.5,2,6.76,0.0,0.0,0.0,0.25,0.9,Average
Luis Suárez,Almeria,25,AM(L) FW,8(2),651,2,1,2,0,2.3,73.1,2.1,0,6.76,0.28,0.14,0.41,0.28,0.9,Average
Marcos Llorente,Atletico,28,D(R) M(CR) FW,17(1),1372,1,1,3,0,0.9,85.3,0.5,1,6.75,0.07,0.07,0.13,0.2,0.9,Good
Diego Rico,Real Sociedad,30,D(CL) M(L),16(2),1467,0,0,3,0,0.4,78.8,0.9,1,6.75,0.0,0.0,0.0,0.18,0.9,Average
Florian Lejeune,Rayo Vallecano,31,D(C),23,1941,4,0,4,1,1.4,79.9,2.0,1,6.75,0.19,0.0,0.19,0.23,0.9,Average
David López,Girona,33,D(C) DMC,12(1),1070,2,1,3,0,0.7,90.9,1.8,2,6.75,0.17,0.08,0.25,0.25,0.9,Excellent
Juan Miranda,Real Betis,23,D(L),5(4),538,1,0,0,0,0.6,74.5,0.9,0,6.75,0.17,0.0,0.17,0.0,0.9,Average
Alexander Isak,Real Sociedad,23,FW,2,154,1,0,0,0,1.5,63.0,,0,6.74,0.58,0.0,0.58,0.0,0.9,Poor
Moi Gómez,Osasuna,28,M(CLR),24(1),2030,1,2,4,0,0.6,88.8,0.2,0,6.74,0.04,0.09,0.13,0.18,0.9,Good
David Silva,Real Sociedad,37,M(CLR) FW,16(2),1239,1,3,2,0,0.9,85.0,0.4,0,6.74,0.07,0.22,0.29,0.15,0.9,Good
Alfonso Pedraza,Villarreal,26,D(L) M(L),11(4),950,0,1,1,0,1.2,81.4,0.7,0,6.74,0.0,0.09,0.09,0.09,0.9,Good
Eray Cömert,Valencia,25,D(C),16(3),1438,1,0,4,1,0.4,86.9,2.2,0,6.74,0.06,0.0,0.06,0.31,0.9,Good
Antonio Raíllo,Mallorca,31,D(C),24,2160,1,1,8,0,0.4,85.1,2.5,1,6.74,0.04,0.04,0.08,0.33,0.9,Good
Pablo Maffeo,Mallorca,25,D(R) M(R),22(1),1923,1,3,4,1,0.7,72.6,1.2,2,6.74,0.05,0.14,0.19,0.23,0.9,Average
David Soria,Getafe,29,GK,25,2250,0,0,1,0,,51.8,0.1,5,6.74,0.0,0.0,0.0,0.04,0.9,Poor
Dani Ceballos,Real Madrid,26,M(CL),10(8),805,0,1,3,0,0.4,91.5,0.1,0,6.74,0.0,0.11,0.11,0.34,0.9,Excellent
Sergi Roberto,Barcelona,31,D(R) M(CR),9(7),869,3,1,2,0,0.7,92.9,0.2,0,6.74,0.31,0.1,0.41,0.21,0.9,Excellent
Iñaki Williams,Athletic Bilbao,28,AM(CLR) FW,21(2),1784,5,2,1,0,2.0,70.0,0.8,1,6.73,0.25,0.1,0.35,0.05,0.89,Poor
Omar Alderete,Getafe,26,D(C),12(1),1081,0,1,5,0,0.6,60.1,2.8,1,6.73,0.0,0.08,0.08,0.42,0.89,Poor
Unai Núñez,Celta Vigo,26,D(C),23,2070,0,0,6,0,0.4,86.8,1.8,1,6.73,0.0,0.0,0.0,0.26,0.89,Good
Yuri Berchiche,Athletic Bilbao,33,D(L) M(L),14(2),1238,1,1,4,1,1.3,83.4,1.6,1,6.73,0.07,0.07,0.15,0.36,0.89,Good
Alex Berenguer,Athletic Bilbao,27,D(LR) M(CLR) FW,19(5),1624,3,1,0,0,1.6,75.2,1.1,0,6.73,0.17,0.06,0.22,0.0,0.89,Average
Robin Le Normand,Real Sociedad,26,D(C),20(2),1805,0,0,4,0,0.3,89.4,3.0,0,6.72,0.0,0.0,0.0,0.2,0.89,Good
Alejandro Catena,Rayo Vallecano,28,D(C),23,2070,1,1,7,1,0.4,83.3,2.5,0,6.72,0.04,0.04,0.09,0.35,0.89,Good
Marcos Acuña,Sevilla,31,D(CL) M(CL),14(6),1240,2,1,7,1,0.9,81.2,1.0,1,6.72,0.15,0.07,0.22,0.58,0.89,Good
Íñigo Martínez,Athletic Bilbao,31,D(C),11,990,0,0,1,0,0.6,83.4,1.7,0,6.72,0.0,0.0,0.0,0.09,0.89,Good
Stefan Savic,Atletico,32,D(C),17,1496,0,0,4,2,0.1,89.1,2.2,0,6.72,0.0,0.0,0.0,0.36,0.89,Good
Carlos García,Cadiz,22,DEFENDER,0(1),24,0,1,0,0,,83.3,1.0,0,6.71,0.0,3.75,3.75,0.0,0.89,Good
Sergio Canales,Real Betis,32,M(CLR),18(2),1565,4,2,2,1,1.3,81.2,0.5,1,6.71,0.23,0.12,0.35,0.17,0.89,Good
Borja Iglesias,Real Betis,30,FW,21(2),1692,11,3,1,1,2.1,74.8,0.7,1,6.71,0.59,0.16,0.74,0.11,0.89,Average
Joseph Aidoo,Celta Vigo,27,D(C),25,2234,2,0,4,0,0.4,85.2,1.7,1,6.71,0.08,0.0,0.08,0.16,0.89,Good
Darwin Machís,Real Valladolid,30,AM(LR),4(2),366,0,1,1,0,2.0,77.1,0.3,1,6.71,0.0,0.25,0.25,0.25,0.89,Average
Iván Fresneda,Real Valladolid,18,D(R),9(3),948,0,0,1,0,0.1,81.8,0.5,0,6.7,0.0,0.0,0.0,0.09,0.89,Good
El Bilal Touré,Almeria,21,FW,14(5),1180,6,2,0,0,1.4,71.3,2.2,2,6.7,0.46,0.15,0.61,0.0,0.89,Average
Rui Silva,Real Betis,29,GK,19,1710,0,0,2,0,,64.1,0.2,1,6.7,0.0,0.0,0.0,0.11,0.89,Poor
Martín Zubimendi,Real Sociedad,24,DMC,23(1),2051,1,2,8,0,0.3,84.8,1.9,1,6.69,0.04,0.09,0.13,0.35,0.89,Good
Chimy Avila,Osasuna,29,AM(LR) FW,19(3),1416,7,2,7,1,2.3,58.4,1.5,3,6.69,0.44,0.13,0.57,0.51,0.89,Poor
Fernando Martínez,Almeria,32,GK,24,2116,0,0,2,0,,66.3,,1,6.69,0.0,0.0,0.0,0.09,0.89,Poor
Santi Comesaña,Rayo Vallecano,26,M(C),17(6),1482,1,0,4,0,0.7,85.5,0.6,0,6.69,0.06,0.0,0.06,0.24,0.89,Good
Raúl Albiol,Villarreal,37,D(C),22,1970,0,0,6,0,,88.8,1.7,0,6.69,0.0,0.0,0.0,0.27,0.89,Good
Gonzalo Plata,Real Valladolid,22,AM(R),14(7),1328,0,4,0,0,1.0,78.9,0.5,0,6.69,0.0,0.27,0.27,0.0,0.89,Average
Marco Asensio,Real Madrid,27,AM(CLR) FW,7(12),680,5,3,1,0,1.5,89.9,0.2,1,6.68,0.66,0.4,1.06,0.13,0.89,Good
Óscar Valentín,Rayo Vallecano,28,DMC,18(4),1585,0,0,7,0,0.5,81.9,0.9,0,6.68,0.0,0.0,0.0,0.4,0.89,Good
Igor Zubeldia,Real Sociedad,25,D(C) DMC,18(2),1619,1,1,4,0,0.2,86.3,2.1,1,6.68,0.06,0.06,0.11,0.22,0.89,Good
Youssouf Sabaly,Real Betis,30,D(LR) M(R),13(4),1185,0,0,1,0,0.4,83.8,0.2,0,6.68,0.0,0.0,0.0,0.08,0.89,Good
Martin Braithwaite,Espanyol,31,AM(CLR) FW,20,1644,8,1,3,1,1.9,64.5,1.9,2,6.68,0.44,0.05,0.49,0.22,0.89,Poor
Edgar Badia,Elche,31,GK,25,2250,0,0,2,0,,64.3,0.2,2,6.68,0.0,0.0,0.0,0.08,0.89,Poor
Thierry Correia,Valencia,24,D(R) M(R),17(2),1482,0,0,3,0,0.3,79.4,1.1,0,6.68,0.0,0.0,0.0,0.18,0.89,Average
Oihan Sancet,Athletic Bilbao,22,M(C) FW,22(2),1683,8,0,2,1,1.6,84.9,0.6,1,6.68,0.43,0.0,0.43,0.16,0.89,Good
Giovanni González,Mallorca,28,D(R),8(3),702,0,2,4,0,0.4,77.9,1.0,0,6.68,0.0,0.26,0.26,0.51,0.89,Average
Justin Kluivert,Valencia,23,AM(LR),8(10),882,4,0,2,0,1.4,77.2,0.3,2,6.67,0.41,0.0,0.41,0.2,0.89,Average
Álex Remiro,Real Sociedad,27,GK,25,2250,0,0,1,0,,69.4,0.2,0,6.67,0.0,0.0,0.0,0.04,0.89,Poor
Fran García,Rayo Vallecano,23,D(L),25,2239,0,2,1,0,0.8,82.4,0.2,0,6.67,0.0,0.08,0.08,0.04,0.89,Good
Ferland Mendy,Real Madrid,27,D(L) M(L),14,1134,0,1,2,0,0.1,92.1,0.5,0,6.67,0.0,0.08,0.08,0.16,0.89,Excellent
Lucas Rosa,Real Valladolid,22,DEFENDER,7(3),577,0,0,1,0,0.3,72.3,0.8,0,6.67,0.0,0.0,0.0,0.16,0.89,Average
Cyle Larin,Real Valladolid,27,AM(LR) FW,4(3),423,4,0,2,0,2.3,64.2,2.3,0,6.67,0.85,0.0,0.85,0.43,0.89,Poor
Edgar González,Real Betis,25,D(C) DMC,12(5),1144,0,0,4,1,0.3,88.9,2.2,0,6.67,0.0,0.0,0.0,0.39,0.89,Good
Jan Oblak,Atletico,30,GK,23,2043,0,0,1,0,,61.4,0.1,1,6.67,0.0,0.0,0.0,0.04,0.89,Poor
Koke,Atletico,31,M(CLR),18(3),1537,0,3,4,0,0.5,87.7,0.4,0,6.67,0.0,0.18,0.18,0.23,0.89,Good
Nabil Fekir,Real Betis,29,AM(CLR) FW,12(3),970,2,2,5,1,1.7,84.7,0.5,0,6.67,0.19,0.19,0.37,0.56,0.89,Good
Nemanja Gudelj,Sevilla,31,D(C) M(C),21(1),1874,3,0,6,0,1.4,92.5,1.2,2,6.67,0.14,0.0,0.14,0.29,0.89,Excellent
Yeremy Pino,Villarreal,20,AM(LR),19(5),1481,3,1,3,0,1.1,78.2,0.6,0,6.67,0.18,0.06,0.24,0.18,0.89,Average
Oriol Romeu,Girona,31,DMC,21,1875,1,0,6,0,0.8,86.5,1.2,0,6.66,0.05,0.0,0.05,0.29,0.88,Good
Arnau Martinez,Girona,19,D(R),20(1),1670,2,2,7,0,0.7,80.8,1.2,0,6.66,0.11,0.11,0.22,0.38,0.88,Good
Álex Collado,Elche,23,AM(CR),8(1),542,1,1,1,0,1.2,83.5,0.6,1,6.66,0.17,0.17,0.33,0.17,0.88,Good
Gonzalo Melero,Almeria,29,M(C) FW,14(1),1095,2,3,3,0,0.9,87.5,0.6,0,6.66,0.16,0.25,0.41,0.25,0.88,Good
Brian Oliván,Espanyol,28,D(CL),23,1922,1,5,6,0,0.5,69.3,0.6,0,6.65,0.05,0.23,0.28,0.28,0.88,Poor
Luiz Henrique,Real Betis,22,AM(LR),15(8),1309,1,1,5,0,1.5,77.6,0.8,2,6.65,0.07,0.07,0.14,0.34,0.88,Average
Sergio Escudero,Real Valladolid,33,D(L) M(L),11(2),885,0,0,3,0,0.9,73.9,1.0,1,6.65,0.0,0.0,0.0,0.31,0.88,Average
Joaquín Fernández,Real Valladolid,26,D(C) DMC,16(2),1467,1,0,3,0,0.4,82.3,2.1,1,6.65,0.06,0.0,0.06,0.18,0.88,Good
Rodrigo De Paul,Atletico,28,AM(CLR) FW,13(5),1057,1,2,4,0,0.5,84.7,0.2,2,6.65,0.09,0.17,0.26,0.34,0.88,Good
Andriy Lunin,Real Madrid,24,GK,6,540,0,0,0,0,,89.4,,0,6.65,0.0,0.0,0.0,0.0,0.88,Good
Geoffrey Kondogbia,Atletico,30,D(C) DMC,10(6),960,0,2,4,0,0.7,89.2,0.8,0,6.65,0.0,0.19,0.19,0.38,0.88,Good
Sergio Camello,Rayo Vallecano,22,FW,21(4),1777,5,3,1,0,2.0,79.5,0.9,1,6.64,0.25,0.15,0.41,0.05,0.88,Average
Giorgi Mamardashvili,Valencia,22,GK,25,2250,0,0,2,0,,66.7,0.2,1,6.64,0.0,0.0,0.0,0.08,0.88,Poor
Lucas Torró,Osasuna,28,DMC,23(1),1834,0,0,8,0,0.8,82.2,2.0,0,6.64,0.0,0.0,0.0,0.39,0.88,Good
Alfonso Espino,Cadiz,31,D(L),23(1),2043,0,3,6,0,0.6,65.5,0.9,0,6.64,0.0,0.13,0.13,0.26,0.88,Poor
Aridane Hernández,Osasuna,33,D(C),10(1),864,0,0,0,0,0.2,83.3,1.4,1,6.64,0.0,0.0,0.0,0.0,0.88,Good
Óliver Torres,Sevilla,28,M(CLR),21(2),1645,3,1,1,0,0.7,81.6,0.2,2,6.64,0.16,0.05,0.22,0.05,0.88,Good
Predrag Rajkovic,Mallorca,27,GK,25,2250,0,0,3,0,,58.4,,1,6.64,0.0,0.0,0.0,0.12,0.88,Poor
Mikel Vesga,Athletic Bilbao,29,DMC,19(5),1735,2,2,3,0,0.6,83.0,1.9,0,6.64,0.1,0.1,0.21,0.16,0.88,Good
Yannick Carrasco,Atletico,29,D(L) M(CLR) FW,14(9),1341,2,0,1,0,1.8,83.4,0.2,0,6.63,0.13,0.0,0.13,0.07,0.88,Good
Javi Sánchez,Real Valladolid,26,D(C),20(1),1689,1,0,9,0,0.4,82.7,1.5,0,6.63,0.05,0.0,0.05,0.48,0.88,Good
Dani Rodríguez,Mallorca,34,AM(CLR),19(5),1500,3,3,7,0,0.8,83.0,0.4,2,6.63,0.18,0.18,0.36,0.42,0.88,Good
Adrián Embarba,Almeria,30,AM(CLR) FW,11(8),894,1,3,3,1,1.3,72.3,0.3,0,6.63,0.1,0.3,0.4,0.4,0.88,Average
Lucas Boyé,Elche,27,AM(L) FW,19(4),1610,3,2,4,1,1.9,80.0,1.1,1,6.63,0.17,0.11,0.28,0.28,0.88,Average
Julen Agirrezabala,Athletic Bilbao,22,GK,3(1),315,0,0,0,0,,68.8,,0,6.63,0.0,0.0,0.0,0.0,0.88,Poor
Óscar Trejo,Rayo Vallecano,34,M(CLR) FW,20(3),1547,2,3,8,0,0.6,82.7,0.3,1,6.62,0.12,0.17,0.29,0.47,0.88,Good
Íñigo Lekue,Athletic Bilbao,29,D(LR) M(LR),13(5),1255,0,1,1,0,0.5,81.2,0.9,0,6.62,0.0,0.07,0.07,0.07,0.88,Good
Claudio Bravo,Real Betis,39,GK,6,540,0,0,1,0,,54.1,,0,6.62,0.0,0.0,0.0,0.17,0.88,Poor
Federico Fernández,Elche,34,D(C),1,90,0,0,0,0,,57.1,1.0,0,6.62,0.0,0.0,0.0,0.0,0.88,Poor
Nahuel Molina,Atletico,24,D(R) M(R),20,1737,0,1,5,1,0.5,78.6,0.8,0,6.62,0.0,0.05,0.05,0.31,0.88,Average
Jawad El Yamiq,Real Valladolid,31,D(C),10(6),922,0,0,0,1,0.6,82.6,1.8,0,6.62,0.0,0.0,0.0,0.1,0.88,Good
Óscar De Marcos,Athletic Bilbao,33,D(LR) M(CR),22(3),1887,0,4,4,0,,79.1,0.6,0,6.61,0.0,0.19,0.19,0.19,0.88,Average
Íñigo Ruíz de Galarreta,Mallorca,29,DMC,19(2),1660,0,0,7,0,0.4,85.5,0.4,0,6.61,0.0,0.0,0.0,0.38,0.88,Good
Luis Pérez,Real Valladolid,28,D(R),10(2),884,0,1,2,0,0.3,80.9,0.3,1,6.61,0.0,0.1,0.1,0.2,0.88,Good
Álvaro Aceves,Real Valladolid,19,GOALKEEPER,0(1),12,0,0,0,0,,80.0,1.0,0,6.61,0.0,0.0,0.0,0.0,0.88,Average
Mario Hermoso,Atletico,27,D(CL),11(2),983,2,0,1,2,0.6,86.2,1.2,0,6.61,0.18,0.0,0.18,0.27,0.88,Good
Mouctar Diakhaby,Valencia,26,D(C),17(1),1459,2,0,4,1,0.6,83.6,1.1,1,6.61,0.12,0.0,0.12,0.31,0.88,Good
Thomas Lemar,Atletico,27,AM(CLR),11(7),824,0,2,0,0,0.4,89.0,0.2,0,6.61,0.0,0.22,0.22,0.0,0.88,Good
Etienne Capoue,Villarreal,34,D(C) M(CL),17(2),1470,0,0,1,0,0.8,88.1,1.1,0,6.61,0.0,0.0,0.0,0.06,0.88,Good
David Alaba,Real Madrid,30,D(CL) M(CL),17(2),1546,1,3,3,0,0.6,89.4,0.4,0,6.6,0.06,0.17,0.23,0.17,0.88,Good
Nacho,Real Madrid,33,D(CLR),9(7),861,0,1,4,0,0.3,93.2,1.4,0,6.6,0.0,0.1,0.1,0.42,0.88,Excellent
Pablo Barrios,Atletico,19,MIDFIELDER,5(4),421,0,1,1,0,0.9,84.3,0.6,0,6.6,0.0,0.21,0.21,0.21,0.88,Good
Óscar Plano,Real Valladolid,32,AM(CLR) FW,18(7),1677,1,1,3,0,1.0,76.1,0.9,0,6.6,0.05,0.05,0.11,0.16,0.88,Average
Álex Sola,Real Sociedad,23,D(R),3(6),340,0,0,1,0,0.4,80.9,0.8,0,6.6,0.0,0.0,0.0,0.26,0.88,Good
Umar Sadiq,Real Sociedad,26,FW,1(1),83,1,0,0,0,0.5,100.0,1.0,0,6.6,1.08,0.0,1.08,0.0,0.88,Excellent
Memphis Depay,Atletico,29,AM(CL) FW,2(4),194,3,0,1,0,1.0,76.5,0.2,0,6.6,1.39,0.0,1.39,0.46,0.88,Average
Stole Dimitrievski,Rayo Vallecano,29,GK,24,2160,0,0,3,0,,53.7,0.4,3,6.6,0.0,0.0,0.0,0.12,0.88,Poor
Antonio Rüdiger,Real Madrid,30,D(CR),16(6),1509,1,0,1,0,0.7,92.3,1.1,0,6.6,0.06,0.0,0.06,0.06,0.88,Excellent
Giovani Lo Celso,Villarreal,26,M(CR) FW,8(2),531,1,0,2,0,1.4,85.7,0.1,1,6.59,0.17,0.0,0.17,0.34,0.88,Good
Kike Pérez,Real Valladolid,26,M(C),18(5),1555,0,2,5,0,1.2,79.2,1.0,0,6.59,0.0,0.12,0.12,0.29,0.88,Average
Marcos Alonso,Barcelona,32,D(CL) M(L),6(9),674,1,0,1,0,0.2,91.8,0.8,0,6.59,0.13,0.0,0.13,0.13,0.88,Excellent
Axel Witsel,Atletico,34,D(C) M(C),15(6),1387,0,0,2,0,0.3,93.2,1.0,0,6.59,0.0,0.0,0.0,0.13,0.88,Excellent
Valentín Castellanos,Girona,24,AM(R) FW,23(1),1840,6,0,7,0,2.3,63.1,1.5,0,6.59,0.29,0.0,0.29,0.34,0.88,Poor
Santiago Bueno,Girona,24,D(C),24,2148,0,1,4,1,0.5,86.5,2.2,0,6.59,0.0,0.04,0.04,0.21,0.88,Good
Luis Milla,Getafe,28,DMC,15(3),1286,0,0,2,1,0.2,83.2,0.6,0,6.59,0.0,0.0,0.0,0.21,0.88,Good
Jorge Cuenca,Villarreal,23,D(C),4(2),355,0,0,1,0,0.3,86.2,1.5,0,6.59,0.0,0.0,0.0,0.25,0.88,Good
Lucas Vázquez,Real Madrid,31,D(R) M(R),5(7),490,2,0,1,0,0.6,88.0,0.1,0,6.59,0.37,0.0,0.37,0.18,0.88,Good
Ayoze Pérez,Real Betis,29,AM(CLR) FW,4(2),347,0,0,0,0,1.7,78.2,0.5,0,6.59,0.0,0.0,0.0,0.0,0.88,Average
Álex Baena,Villarreal,21,AM(CL),12(11),1293,4,1,10,1,1.7,81.0,0.1,2,6.58,0.28,0.07,0.35,0.77,0.87,Good
Copete,Mallorca,23,D(C),18(1),1459,0,0,7,0,0.2,79.6,1.1,1,6.58,0.0,0.0,0.0,0.43,0.87,Average
Suso,Sevilla,29,AM(CLR) FW,5(9),565,1,1,1,0,0.9,88.8,,1,6.58,0.16,0.16,0.32,0.16,0.87,Good
Paulo Gazzaniga,Girona,31,GK,15,1350,0,0,3,0,,68.8,0.2,2,6.58,0.0,0.0,0.0,0.2,0.87,Poor
Marcão,Sevilla,26,D(C),4,360,0,0,2,0,,87.6,1.5,0,6.58,0.0,0.0,0.0,0.5,0.87,Good
Léo Baptistão,Almeria,30,AM(CLR) FW,16(4),1191,3,2,6,0,1.7,69.4,0.9,3,6.57,0.23,0.15,0.38,0.45,0.87,Poor
César Montes,Espanyol,26,D(C),7(1),585,0,0,3,0,0.3,74.7,2.0,0,6.57,0.0,0.0,0.0,0.46,0.87,Average
Jaume Costa,Mallorca,34,D(LR) M(L),21,1791,0,1,7,0,0.4,75.7,1.0,0,6.57,0.0,0.05,0.05,0.35,0.87,Average
Daniel Carvajal,Real Madrid,31,D(R),15(5),1366,0,2,4,0,0.4,88.0,0.3,0,6.57,0.0,0.13,0.13,0.26,0.87,Good
Isco,Sevilla,30,M(CLR) FW,10(2),803,0,2,5,0,0.3,86.8,0.4,0,6.57,0.0,0.22,0.22,0.56,0.87,Good
Rubén Alcaraz,Cadiz,31,DMC,14(6),1263,2,0,6,1,1.0,79.9,1.1,1,6.57,0.14,0.0,0.14,0.5,0.87,Average
Rodrigo Riquelme,Girona,22,AM(CL),18(6),1581,4,2,1,0,1.8,77.5,0.3,1,6.57,0.23,0.11,0.34,0.06,0.87,Average
Samu Castillejo,Valencia,28,AM(CLR),15(4),1119,3,0,6,0,1.7,85.7,0.3,0,6.56,0.24,0.0,0.24,0.48,0.87,Good
Omar Mascarell,Elche,30,DMC,22,1910,0,0,6,0,0.4,85.2,1.0,0,6.56,0.0,0.0,0.0,0.28,0.87,Good
Sergio Herrera,Osasuna,29,GK,12,1080,0,0,3,0,,59.4,0.2,0,6.56,0.0,0.0,0.0,0.25,0.87,Poor
Franco Cervi,Celta Vigo,28,AM(CL),16(8),1406,0,2,0,1,0.8,78.0,0.4,0,6.56,0.0,0.13,0.13,0.06,0.87,Average
Manu Sánchez,Osasuna,22,D(L),11(8),1118,0,1,1,0,0.3,83.7,0.4,0,6.55,0.0,0.08,0.08,0.08,0.87,Good
Andrés Guardado,Real Betis,36,D(L) M(CL),10(7),882,1,1,4,0,0.4,84.2,0.5,0,6.55,0.1,0.1,0.2,0.41,0.87,Good
Iván Sánchez,Real Valladolid,30,AM(CR),12(8),947,1,0,0,0,0.8,84.4,0.1,1,6.55,0.1,0.0,0.1,0.0,0.87,Good
Cenk Özkacar,Valencia,22,D(C),6(3),688,0,0,1,0,0.8,85.2,3.0,0,6.55,0.0,0.0,0.0,0.13,0.87,Good
Hugo Mallo,Celta Vigo,31,D(CR) M(R),17,1389,0,0,5,0,0.8,79.7,1.9,0,6.55,0.0,0.0,0.0,0.32,0.87,Average
Asier Illarramendi,Real Sociedad,33,M(C),8(7),662,1,0,3,0,0.5,86.6,0.3,0,6.54,0.14,0.0,0.14,0.41,0.87,Good
Domingos Duarte,Getafe,28,D(C),24,2106,0,2,8,1,0.5,78.0,1.7,1,6.54,0.0,0.09,0.09,0.38,0.87,Average
Rubén Sobrino,Cadiz,30,AM(CLR) FW,16(5),1466,2,1,6,0,0.9,74.9,1.6,0,6.54,0.12,0.06,0.18,0.37,0.87,Average
Yan Couto,Girona,20,D(R) M(R),7(7),682,0,1,1,0,0.4,79.9,0.1,0,6.54,0.0,0.13,0.13,0.13,0.87,Average
Damián Suárez,Getafe,34,D(R) M(R),14(2),1052,1,0,2,0,0.1,70.7,0.6,0,6.54,0.09,0.0,0.09,0.17,0.87,Average
Fernando,Sevilla,35,D(C) DMC,14(1),1148,0,0,2,1,0.3,90.2,0.7,0,6.54,0.0,0.0,0.0,0.24,0.87,Excellent
Haris Seferovic,Celta Vigo,31,AM(LR) FW,2(4),257,1,0,1,0,0.8,63.8,0.8,0,6.54,0.35,0.0,0.35,0.35,0.87,Poor
Martín Montoya,Real Betis,31,D(LR) M(R),3,186,0,0,0,0,,79.5,0.7,0,6.54,0.0,0.0,0.0,0.0,0.87,Average
Monchu,Real Valladolid,23,DMC,15(7),1205,1,1,7,0,0.9,82.5,0.5,1,6.54,0.07,0.07,0.15,0.52,0.87,Good
Juanmi,Real Betis,29,AM(CLR) FW,8(5),694,4,0,3,0,1.1,84.8,0.5,1,6.54,0.52,0.0,0.52,0.39,0.87,Good
Unai Simón,Athletic Bilbao,25,GK,22,1936,0,0,1,0,,68.8,,1,6.53,0.0,0.0,0.0,0.05,0.87,Poor
Pere Milla,Elche,30,AM(CLR) FW,15(5),1238,6,1,5,0,1.2,72.5,0.9,2,6.53,0.44,0.07,0.51,0.36,0.87,Average
Théo Bongonda,Cadiz,27,AM(LR),14(4),1079,2,2,0,0,1.3,73.2,0.4,0,6.53,0.17,0.17,0.33,0.0,0.87,Average
Gumbau,Elche,28,DMC,19(4),1682,0,4,9,0,1.0,80.9,0.4,1,6.53,0.0,0.21,0.21,0.48,0.87,Good
Diego Mariño,Almeria,32,GK,0(1),45,0,0,0,0,,85.7,,0,6.53,0.0,0.0,0.0,0.0,0.87,Good
José Gragera,Espanyol,22,MIDFIELDER,2(3),215,0,0,1,0,0.2,85.6,1.0,0,6.53,0.0,0.0,0.0,0.42,0.87,Good
Aïssa Mandi,Villarreal,31,D(CLR),5(4),438,0,0,0,0,0.1,90.2,0.4,0,6.53,0.0,0.0,0.0,0.0,0.87,Excellent
Rodri,Real Betis,23,AM(CLR),14(4),1090,2,1,0,0,0.6,89.9,,1,6.53,0.17,0.08,0.25,0.0,0.87,Good
Leandro Cabrera,Espanyol,31,D(CL),21(1),1829,0,0,4,2,0.8,73.0,2.4,0,6.53,0.0,0.0,0.0,0.3,0.87,Average
Aimar Oroz,Osasuna,21,AM(C),13(7),1165,3,1,5,0,0.8,79.7,0.6,1,6.53,0.23,0.08,0.31,0.39,0.87,Average
Iván Balliu,Rayo Vallecano,31,D(R) M(R),25,2183,0,0,5,0,0.2,80.8,0.8,0,6.53,0.0,0.0,0.0,0.21,0.87,Good
Ivo Grbic,Atletico,27,GK,2(2),207,0,0,1,0,,43.0,0.3,0,6.53,0.0,0.0,0.0,0.43,0.87,Poor
Alex Telles,Sevilla,30,D(L) M(L),9(8),924,0,2,4,0,0.5,81.3,0.9,0,6.52,0.0,0.19,0.19,0.39,0.87,Good
Ansu Fati,Barcelona,20,AM(L) FW,9(14),925,3,3,2,0,1.9,86.1,0.2,0,6.52,0.29,0.29,0.58,0.19,0.87,Good
Bryan Gil,Sevilla,22,AM(CLR),2(4),269,1,1,1,0,0.8,79.5,0.3,0,6.52,0.33,0.33,0.67,0.33,0.87,Average
César de la Hoz,Almeria,30,DMC,12(2),1112,1,0,5,0,0.4,82.1,0.9,1,6.52,0.08,0.0,0.08,0.4,0.87,Good
Agustín Marchesín,Celta Vigo,34,GK,19,1710,0,0,3,0,,67.4,0.2,0,6.52,0.0,0.0,0.0,0.16,0.87,Poor
Edu Expósito,Espanyol,26,M(C),11(9),958,2,2,3,0,0.8,78.0,0.6,1,6.51,0.19,0.19,0.38,0.28,0.86,Average
Martin Valjent,Mallorca,27,D(C),20,1759,0,0,7,0,0.2,81.8,1.0,0,6.51,0.0,0.0,0.0,0.36,0.86,Good
Víctor Ruiz,Real Betis,34,D(C),5(4),550,0,0,0,0,0.1,85.4,1.8,0,6.51,0.0,0.0,0.0,0.0,0.86,Good
Juan Iglesias,Getafe,24,D(LR) M(R),15(6),1473,1,0,4,0,0.6,63.9,0.5,0,6.51,0.06,0.0,0.06,0.24,0.86,Poor
Hugo Guillamón,Valencia,23,D(C) DMC,17(4),1435,1,4,5,0,0.1,83.6,0.9,0,6.51,0.06,0.25,0.31,0.31,0.86,Good
Ivan Rakitic,Sevilla,35,M(C),14(6),1159,1,2,3,1,1.2,84.5,0.8,1,6.51,0.08,0.16,0.23,0.31,0.86,Good
Edinson Cavani,Valencia,36,AM(LR) FW,14,957,5,1,4,0,1.9,74.9,0.6,0,6.51,0.47,0.09,0.56,0.38,0.86,Average
Brian Ocampo,Cadiz,23,AM(L),15(3),1129,1,1,2,0,0.7,78.2,0.4,1,6.5,0.08,0.08,0.16,0.16,0.86,Average
Gastón Álvarez,Getafe,22,D(L),8(5),814,2,0,4,1,0.2,66.3,1.6,0,6.5,0.22,0.0,0.22,0.55,0.86,Poor
Youssef En-Nesyri,Sevilla,25,FW,11(10),1012,5,0,3,0,1.9,67.8,1.6,0,6.5,0.44,0.0,0.44,0.27,0.86,Poor
Haissem Hassan,Villarreal,21,FORWARD,0(1),23,0,0,0,0,,91.7,1.0,0,6.5,0.0,0.0,0.0,0.0,0.86,Excellent
Samú Costa,Almeria,22,M(C),13(7),1241,1,0,3,0,0.6,79.1,1.3,0,6.5,0.07,0.0,0.07,0.22,0.86,Average
Rubén Sánchez,Espanyol,22,M(R),5(8),583,0,2,1,0,0.5,81.2,0.7,0,6.5,0.0,0.31,0.31,0.15,0.86,Good
Roque Mesa,Real Valladolid,33,DMC,15(5),1247,2,1,6,1,1.0,83.2,0.4,1,6.5,0.14,0.07,0.22,0.51,0.86,Good
Djené Dakonam,Getafe,31,D(C),22,1899,0,1,7,0,0.3,79.7,1.8,1,6.49,0.0,0.05,0.05,0.33,0.86,Average
Mauro Arambarri,Getafe,27,DMC,10,831,0,1,2,1,0.8,83.6,1.3,0,6.49,0.0,0.11,0.11,0.32,0.86,Good
Nacho Vidal,Osasuna,28,D(R),10(4),916,0,0,2,0,0.6,76.3,1.3,0,6.49,0.0,0.0,0.0,0.2,0.86,Average
Sergio Akieme,Almeria,25,D(L),25,2118,1,0,5,0,0.9,80.7,0.6,1,6.49,0.04,0.0,0.04,0.21,0.86,Good
Rubén García,Osasuna,29,AM(CLR) FW,6(13),708,1,2,2,0,0.8,81.7,0.4,0,6.49,0.13,0.25,0.38,0.25,0.86,Good
Nico González,Valencia,21,DMC,6(8),610,1,0,0,0,0.6,90.0,0.8,0,6.49,0.15,0.0,0.15,0.0,0.86,Good
Luiz Felipe,Real Betis,25,D(C),13(1),1037,0,0,1,3,0.1,85.7,0.9,0,6.49,0.0,0.0,0.0,0.35,0.86,Good
Óscar Rodríguez,Celta Vigo,24,AM(CLR),14(10),1288,2,0,5,0,1.4,84.2,0.4,0,6.49,0.14,0.0,0.14,0.35,0.86,Good
Álvaro Aguado,Real Valladolid,26,M(C),13(10),1264,1,2,3,0,0.5,86.1,0.5,0,6.49,0.07,0.14,0.21,0.21,0.86,Good
Ante Budimir,Osasuna,31,FW,14(6),1111,2,0,2,0,1.7,58.4,3.0,0,6.49,0.16,0.0,0.16,0.16,0.86,Poor
Borja Mayoral,Getafe,25,FW,25,2055,6,1,4,0,1.6,77.5,1.0,2,6.49,0.26,0.04,0.31,0.18,0.86,Average
Mikel Oyarzabal,Real Sociedad,25,AM(CLR) FW,6(5),573,2,1,0,0,1.1,76.9,0.7,1,6.48,0.31,0.16,0.47,0.0,0.86,Average
Fali,Cadiz,29,D(C) DMC,16(2),1277,0,0,5,0,0.3,75.2,1.3,0,6.48,0.0,0.0,0.0,0.35,0.86,Average
Pablo Ibáñez,Osasuna,24,M(C),5(7),429,0,1,0,0,0.6,71.3,1.1,1,6.48,0.0,0.21,0.21,0.0,0.86,Average
Aritz Elustondo,Real Sociedad,28,D(CR),12(4),1031,0,1,4,1,0.4,82.9,0.8,0,6.48,0.0,0.09,0.09,0.44,0.86,Good
Ander Barrenetxea,Real Sociedad,21,M(LR),5(5),403,1,0,3,0,0.2,78.0,0.7,0,6.48,0.22,0.0,0.22,0.67,0.86,Average
Yunus Musah,Valencia,20,AM(CR),20(2),1638,0,2,8,0,0.8,82.6,0.8,0,6.48,0.0,0.11,0.11,0.44,0.86,Good
Yangel Herrera,Girona,25,M(C),10(6),779,2,2,2,0,1.2,81.4,1.1,0,6.48,0.23,0.23,0.46,0.23,0.86,Good
Jørgen Strand Larsen,Celta Vigo,23,FW,15(6),1227,2,3,3,0,1.4,67.9,1.6,1,6.47,0.15,0.22,0.37,0.22,0.86,Poor
Saúl Ñíguez,Atletico,28,D(CL) M(CLR),7(14),640,1,1,7,0,0.6,78.6,1.3,0,6.47,0.14,0.14,0.28,0.98,0.86,Average
Lucas Olaza,Real Valladolid,28,D(L) M(L),13(4),1206,0,1,3,0,0.2,80.1,1.2,0,6.47,0.0,0.07,0.07,0.22,0.86,Good
Fran Beltrán,Celta Vigo,24,DMC,23(2),2015,0,1,4,0,0.8,90.0,0.5,0,6.47,0.0,0.04,0.04,0.18,0.86,Good
Miguel Gutiérrez,Girona,21,D(L),19(4),1700,1,2,6,0,0.5,84.6,0.3,0,6.47,0.05,0.11,0.16,0.32,0.86,Good
Kike Barja,Osasuna,25,AM(LR),6(9),559,1,2,1,0,0.3,76.0,0.3,0,6.47,0.16,0.32,0.48,0.16,0.86,Average
Óscar Gil,Espanyol,24,D(R),20(1),1607,0,1,9,0,0.4,78.4,0.4,0,6.47,0.0,0.06,0.06,0.5,0.86,Average
Ferran Torres,Barcelona,23,AM(LR) FW,10(12),987,2,0,4,1,1.5,82.0,0.2,1,6.46,0.18,0.0,0.18,0.46,0.86,Good
Gorka Guruzeta,Athletic Bilbao,26,FW,7(11),664,5,0,1,0,1.6,72.3,0.8,2,6.46,0.68,0.0,0.68,0.14,0.86,Average
Momo Cho,Real Sociedad,19,FW,3(7),345,0,2,1,0,1.1,73.8,0.1,1,6.46,0.0,0.52,0.52,0.26,0.86,Average
Sergi Gómez,Espanyol,30,D(CR),16(3),1526,0,0,0,1,0.3,85.0,1.6,0,6.46,0.0,0.0,0.0,0.06,0.86,Good
Clerc,Elche,31,D(L) M(L),19(1),1583,0,1,1,0,0.3,75.6,0.4,0,6.46,0.0,0.06,0.06,0.06,0.86,Average
Ángel Correa,Atletico,28,AM(CLR) FW,9(14),949,5,0,1,1,1.4,82.0,0.1,1,6.46,0.47,0.0,0.47,0.19,0.86,Good
Jon Pacheco,Real Sociedad,22,D(C),8(2),767,0,0,2,0,0.1,91.0,1.8,0,6.46,0.0,0.0,0.0,0.23,0.86,Excellent
Álvaro Negredo,Cadiz,37,FW,7(7),557,1,2,0,0,0.9,59.7,1.9,1,6.45,0.16,0.32,0.48,0.0,0.86,Poor
Toni Villa,Girona,28,AM(CLR),8(11),661,1,2,2,0,0.8,81.3,0.1,2,6.45,0.14,0.27,0.41,0.27,0.86,Good
Álvaro Fernández,Espanyol,24,GK,11,990,0,0,0,0,,61.1,0.3,0,6.45,0.0,0.0,0.0,0.0,0.86,Poor
Erik Lamela,Sevilla,31,AM(CLR) FW,13(8),1301,4,0,6,1,1.6,79.8,0.4,0,6.45,0.28,0.0,0.28,0.48,0.86,Average
Tinotenda Kadewere,Mallorca,27,AM(R) FW,4(5),380,1,0,0,0,1.8,67.7,2.3,0,6.45,0.24,0.0,0.24,0.0,0.86,Poor
Denis Suárez,Espanyol,29,M(CLR),3(3),311,0,0,0,0,0.2,82.4,0.2,0,6.44,0.0,0.0,0.0,0.0,0.86,Good
Abdessamad Ezzalzouli,Osasuna,21,AM(L),11(7),855,1,2,1,1,1.1,75.2,0.1,1,6.44,0.11,0.21,0.32,0.21,0.86,Average
Alejandro Pozo,Almeria,24,D(R) M(R),12(7),1122,0,2,0,0,0.3,72.2,0.3,0,6.44,0.0,0.16,0.16,0.0,0.86,Average
Nicolas Jackson,Villarreal,21,FW,8(7),796,2,2,1,0,1.1,73.2,0.3,0,6.44,0.23,0.23,0.45,0.11,0.86,Average
Yassine Bounou,Sevilla,31,GK,24,1974,0,0,2,0,,73.7,0.2,1,6.44,0.0,0.0,0.0,0.09,0.86,Average
Dani García,Athletic Bilbao,32,DMC,10(6),838,0,1,3,0,0.3,77.4,0.7,0,6.44,0.0,0.11,0.11,0.32,0.86,Average
Rubén Peña,Osasuna,31,D(R) M(LR),7(4),656,0,1,1,1,1.0,73.5,0.7,1,6.44,0.0,0.14,0.14,0.27,0.86,Average
Kiko Femenía,Villarreal,32,D(LR) M(R),10(4),897,0,0,0,0,,88.3,0.6,0,6.44,0.0,0.0,0.0,0.0,0.86,Good
Pol Lirola,Elche,25,D(R) M(LR),7(2),568,1,0,1,0,0.1,77.1,0.9,0,6.43,0.16,0.0,0.16,0.16,0.85,Average
Momo Mbaye,Cadiz,24,D(C),6(1),537,0,0,0,0,0.1,73.4,2.6,0,6.43,0.0,0.0,0.0,0.0,0.85,Average
Johan Mojica,Elche,30,D(L) M(L),3,270,0,0,2,0,1.0,75.0,1.3,0,6.43,0.0,0.0,0.0,0.67,0.85,Average
Rodrigo Ely,Almeria,29,D(C),24,2078,0,0,4,1,0.6,80.2,2.2,0,6.43,0.0,0.0,0.0,0.22,0.85,Good
Lucas Ocampos,Sevilla,28,M(CLR) FW,5(6),538,1,0,4,0,1.4,83.2,0.6,0,6.43,0.17,0.0,0.17,0.67,0.85,Good
Ander Guevara,Real Sociedad,25,DMC,1(4),133,0,0,1,0,0.2,90.8,0.4,0,6.43,0.0,0.0,0.0,0.68,0.85,Excellent
Nemanja Maksimovic,Getafe,28,M(C),13(3),1018,0,0,1,0,0.5,80.6,0.7,0,6.42,0.0,0.0,0.0,0.09,0.85,Good
Francis Coquelin,Villarreal,31,M(CLR),9(7),746,1,0,2,0,0.4,87.4,0.4,0,6.42,0.12,0.0,0.12,0.24,0.85,Good
Kevin Vázquez,Celta Vigo,29,D(R),2(3),178,0,0,0,0,,76.6,,0,6.42,0.0,0.0,0.0,0.0,0.85,Average
Luca de la Torre,Celta Vigo,24,M(CL),8(8),703,0,2,2,0,0.5,84.4,0.1,0,6.42,0.0,0.26,0.26,0.26,0.85,Good
Fernando Calero,Espanyol,27,D(C),15(3),1228,0,0,3,0,0.3,81.3,1.3,0,6.42,0.0,0.0,0.0,0.22,0.85,Good
Luis Hernández,Cadiz,33,D(CR),23,2070,0,0,4,1,0.2,79.1,1.1,0,6.42,0.0,0.0,0.0,0.22,0.85,Average
José Morales,Villarreal,35,D(R) M(CLR) FW,8(16),954,4,0,1,0,1.2,70.8,0.3,0,6.42,0.38,0.0,0.38,0.09,0.85,Average
José Ángel Carmona,Elche,21,D(CR) M(R),7,525,1,0,3,1,0.7,71.3,0.7,1,6.41,0.17,0.0,0.17,0.69,0.85,Average
Iván Martín,Girona,24,MIDFIELDER,6(6),605,3,1,0,0,0.8,81.5,0.5,0,6.41,0.45,0.15,0.6,0.0,0.85,Good
Toni Lato,Valencia,25,D(L) M(L),6(10),650,1,0,1,0,0.4,85.5,0.1,1,6.41,0.14,0.0,0.14,0.14,0.85,Good
Juan Cruz,Osasuna,30,D(CL),17(2),1532,0,0,6,0,0.1,79.7,0.7,0,6.41,0.0,0.0,0.0,0.35,0.85,Average
Óscar Mingueza,Celta Vigo,23,D(CR),12(6),1145,0,0,2,0,0.3,83.8,0.4,0,6.4,0.0,0.0,0.0,0.16,0.85,Good
Pathé Ciss,Rayo Vallecano,28,DMC,10(13),1027,1,0,4,0,0.8,84.4,1.0,1,6.4,0.09,0.0,0.09,0.35,0.85,Good
Álex Fernández,Cadiz,30,M(CL) FW,16(6),1394,3,0,0,0,0.6,86.6,0.5,1,6.4,0.19,0.0,0.19,0.0,0.85,Good
Filip Jörgensen,Villarreal,20,GOALKEEPER,1,90,0,0,0,0,,80.0,,0,6.4,0.0,0.0,0.0,0.0,0.85,Average
Srdjan Babic,Almeria,26,D(C),21(1),1935,1,0,3,0,0.2,85.7,1.7,0,6.4,0.05,0.0,0.05,0.14,0.85,Good
Javi Hernández,Girona,24,D(L),7(6),588,1,1,2,0,0.5,83.2,0.6,0,6.39,0.15,0.15,0.31,0.31,0.85,Good
Unai López,Rayo Vallecano,27,M(CR),9(14),875,1,2,1,0,0.8,84.5,0.1,1,6.39,0.1,0.21,0.31,0.1,0.85,Good
Álvaro Rodríguez,Real Madrid,18,FORWARD,0(4),20,1,1,0,0,0.3,71.4,,0,6.39,4.5,4.5,9.0,0.0,0.85,Average
Joan Jordán,Sevilla,28,M(C),16(3),1354,0,1,5,0,0.6,89.3,0.5,0,6.39,0.0,0.07,0.07,0.33,0.85,Good
Jesús Navas,Sevilla,37,D(R) M(R),14(7),1295,0,0,3,0,0.3,82.9,0.3,0,6.39,0.0,0.0,0.0,0.21,0.85,Good
Victor Chust,Cadiz,23,D(C),9(2),852,1,0,3,0,0.1,83.1,1.5,0,6.39,0.11,0.0,0.11,0.32,0.85,Good
Carles Pérez,Celta Vigo,25,AM(CR) FW,14(10),1283,0,3,2,0,1.3,86.8,0.2,0,6.39,0.0,0.21,0.21,0.14,0.85,Good
Manu Vallejo,Girona,26,FW,2(5),203,0,1,0,0,0.1,81.5,,0,6.39,0.0,0.44,0.44,0.0,0.85,Good
Javier Puado,Espanyol,24,AM(LR) FW,16(8),1478,3,1,3,0,1.7,81.0,0.5,0,6.39,0.18,0.06,0.24,0.18,0.85,Good
Stefan Mitrovic,Getafe,32,D(C),11(3),1039,0,0,3,0,0.1,82.7,1.7,0,6.38,0.0,0.0,0.0,0.26,0.85,Good
Andoni Gorosabel,Real Sociedad,26,D(R),10(5),911,0,0,2,0,0.5,87.0,0.7,1,6.38,0.0,0.0,0.0,0.2,0.85,Good
Ilaix Moriba,Valencia,20,M(C),8(9),742,0,1,2,1,0.9,79.3,1.1,1,6.38,0.0,0.12,0.12,0.36,0.85,Average
Aihen Muñoz,Real Sociedad,25,D(L),9(3),785,0,0,0,0,0.3,82.5,1.1,0,6.38,0.0,0.0,0.0,0.0,0.85,Good
Joseba Zaldúa,Cadiz,30,D(R),7(3),640,0,1,4,0,0.1,70.1,1.9,0,6.38,0.0,0.14,0.14,0.56,0.85,Average
Raúl García,Athletic Bilbao,36,M(CLR) FW,5(19),689,2,2,2,0,1.5,65.6,0.8,0,6.38,0.26,0.26,0.52,0.26,0.85,Poor
Jon Moncayola,Osasuna,24,D(R) M(C),17(8),1637,0,0,4,0,1.2,83.6,0.6,0,6.37,0.0,0.0,0.0,0.22,0.85,Good
Munir El Haddadi,Getafe,27,AM(LR) FW,3(14),589,1,1,4,0,1.3,72.5,0.9,0,6.37,0.15,0.15,0.31,0.61,0.85,Average
Pepe Reina,Villarreal,40,GK,10,900,0,0,1,0,,83.6,,0,6.37,0.0,0.0,0.0,0.1,0.85,Good
Matija Nastasic,Mallorca,29,D(C),8(3),754,0,0,2,0,0.3,80.9,0.7,0,6.37,0.0,0.0,0.0,0.24,0.85,Good
Jon Ander Olasagasti,Real Sociedad,22,MIDFIELDER,0(3),63,0,0,0,0,1.0,81.3,0.7,0,6.37,0.0,0.0,0.0,0.0,0.85,Good
Alberto Moreno,Villarreal,30,D(L) M(L),10(4),848,0,0,5,0,0.6,83.6,0.6,0,6.37,0.0,0.0,0.0,0.53,0.85,Good
Joaquín,Real Betis,41,M(CLR) FW,1(10),263,0,1,2,0,0.5,87.6,,0,6.36,0.0,0.34,0.34,0.68,0.84,Good
Unai García,Osasuna,31,D(C),16(1),1365,0,1,6,1,0.2,79.8,1.6,0,6.36,0.0,0.07,0.07,0.46,0.84,Average
Chris Ramos,Cadiz,26,FORWARD,0(5),83,0,0,0,0,0.8,41.4,2.4,0,6.36,0.0,0.0,0.0,0.0,0.84,Poor
Lautaro Blanco,Elche,24,D(L) M(L),2(5),273,0,1,1,0,,61.2,,0,6.36,0.0,0.33,0.33,0.33,0.84,Poor
Chumi,Almeria,24,D(C),10(5),1015,1,0,4,0,0.1,83.3,0.5,0,6.36,0.09,0.0,0.09,0.35,0.84,Good
Juan Cruz,Real Betis,22,MIDFIELDER,1(4),171,1,0,0,0,1.0,73.3,0.2,0,6.36,0.53,0.0,0.53,0.0,0.84,Average
José Carlos Lazo,Espanyol,27,MIDFIELDER,0(10),149,1,1,0,0,0.4,79.3,,1,6.35,0.6,0.6,1.21,0.0,0.84,Average
Helibelton Palacios,Elche,29,D(CR),18(1),1530,0,0,6,0,0.2,77.7,0.9,0,6.35,0.0,0.0,0.0,0.35,0.84,Average
Hugo Sotelo,Celta Vigo,19,MIDFIELDER,0(1),17,0,0,0,0,1.0,87.0,,0,6.35,0.0,0.0,0.0,0.0,0.84,Good
Gabriel Paulista,Valencia,32,D(CR),11(3),878,1,0,2,1,0.8,85.7,2.1,0,6.35,0.1,0.0,0.1,0.31,0.84,Good
Largie Ramazani,Almeria,22,FW,12(11),1185,3,0,4,0,1.4,71.9,0.1,0,6.35,0.23,0.0,0.23,0.3,0.84,Average
Darko Brasanac,Osasuna,31,M(CR),8(15),954,1,1,4,0,0.3,81.5,0.6,0,6.35,0.09,0.09,0.19,0.38,0.84,Good
José Ángel Carmona,Sevilla,21,D(CR) M(R),5(5),529,2,1,4,1,0.5,84.4,0.3,1,6.35,0.34,0.17,0.51,0.85,0.84,Good
Rober,Real Betis,22,MIDFIELDER,0(2),52,0,0,1,0,,95.8,,0,6.35,0.0,0.0,0.0,1.73,0.84,Excellent
Tanguy Nianzou,Sevilla,20,D(C),15(2),1235,1,0,1,1,0.4,88.2,1.6,0,6.34,0.07,0.0,0.07,0.15,0.84,Good
Kike Salas,Sevilla,20,D(C),4(2),370,1,1,1,1,0.5,84.3,1.5,1,6.34,0.24,0.24,0.49,0.49,0.84,Good
Iddrisu Baba,Mallorca,27,DMC,13(5),1089,0,0,4,0,0.4,83.0,1.0,0,6.34,0.0,0.0,0.0,0.33,0.84,Good
Adnan Januzaj,Sevilla,28,AM(CLR),1(1),47,0,0,0,0,,68.2,,0,6.34,0.0,0.0,0.0,0.0,0.84,Poor
Cristhian Stuani,Girona,36,AM(CLR) FW,5(15),696,6,0,6,0,1.2,76.0,0.4,0,6.34,0.78,0.0,0.78,0.78,0.84,Average
Andrés Martín,Rayo Vallecano,23,FORWARD,2(3),145,0,0,1,0,0.6,52.5,0.4,0,6.33,0.0,0.0,0.0,0.62,0.84,Poor
Juan Carlos Martín,Girona,35,GK,10,900,0,0,0,0,,82.4,0.1,0,6.33,0.0,0.0,0.0,0.0,0.84,Good
Valery Fernández,Girona,23,D(R) M(L),5(13),661,0,2,1,0,0.2,88.8,0.3,0,6.32,0.0,0.27,0.27,0.14,0.84,Good
Johan Mojica,Villarreal,30,D(L) M(L),5(8),562,0,0,0,0,0.1,89.2,0.5,0,6.32,0.0,0.0,0.0,0.0,0.84,Good
Jesús Vázquez,Valencia,20,D(L),3(5),272,0,0,1,0,0.8,85.3,0.3,0,6.32,0.0,0.0,0.0,0.33,0.84,Good
Carles Aleñá,Getafe,25,AM(CLR),20(3),1584,2,2,8,1,1.0,79.4,0.5,1,6.31,0.11,0.11,0.23,0.51,0.84,Average
Tete Morente,Elche,26,M(CLR),10(9),990,1,0,4,0,0.9,81.4,0.7,0,6.31,0.09,0.0,0.09,0.36,0.84,Good
Zouhair Feddal,Real Valladolid,33,D(C),4(4),374,0,0,1,0,0.1,79.9,0.9,0,6.31,0.0,0.0,0.0,0.24,0.84,Average
Abdul Mumin,Rayo Vallecano,24,D(C),3(2),282,0,0,1,0,0.6,78.0,0.8,0,6.31,0.0,0.0,0.0,0.32,0.84,Average
Pedro Bigas,Elche,32,D(CL),17(2),1418,0,0,2,2,0.7,80.1,1.1,0,6.3,0.0,0.0,0.0,0.25,0.84,Good
Amath Ndiaye,Mallorca,26,AM(L),3(14),558,1,0,2,0,0.7,76.6,0.2,0,6.3,0.16,0.0,0.16,0.32,0.84,Average
Kaiky,Almeria,19,D(C),6(3),487,0,0,5,0,0.1,81.3,0.6,0,6.3,0.0,0.0,0.0,0.92,0.84,Good
Sergio León,Real Valladolid,34,FW,12(9),1017,5,1,0,1,1.0,69.4,0.7,1,6.3,0.44,0.09,0.53,0.09,0.84,Poor
Juan Cala,Cadiz,33,D(C),1(2),137,0,0,0,0,0.3,78.9,1.0,0,6.3,0.0,0.0,0.0,0.0,0.84,Average
Diego Moreno,Osasuna,21,D(R),6(1),532,0,0,0,0,0.7,69.9,0.6,0,6.29,0.0,0.0,0.0,0.0,0.84,Poor
Papu Gómez,Sevilla,35,M(CLR) FW,6(7),666,0,1,4,0,1.2,91.5,0.2,0,6.29,0.0,0.14,0.14,0.54,0.84,Excellent
Íñigo Eguaras,Almeria,31,M(C),9(9),797,1,1,4,0,0.3,85.3,0.2,0,6.29,0.11,0.11,0.23,0.45,0.84,Good
Dimitri Foulquier,Valencia,29,D(CLR) M(R),10(9),1019,0,1,3,0,0.1,71.1,0.6,0,6.29,0.0,0.09,0.09,0.26,0.84,Average
Renato Tapia,Celta Vigo,27,D(C) DMC,9(8),793,0,0,3,1,0.3,87.5,0.8,0,6.29,0.0,0.0,0.0,0.45,0.84,Good
Carlos Fernández,Real Sociedad,26,AM(C) FW,6(9),406,1,0,5,0,0.9,64.1,1.2,0,6.29,0.22,0.0,0.22,1.11,0.84,Poor
Roger,Cadiz,32,FW,6(1),444,0,0,1,0,0.9,71.8,1.1,0,6.29,0.0,0.0,0.0,0.2,0.84,Average
Rafa Mir,Sevilla,25,FW,10(6),815,3,0,1,0,2.1,75.0,0.8,1,6.29,0.33,0.0,0.33,0.11,0.84,Average
Gonzalo Verdú,Elche,34,D(C),7(4),546,1,0,0,2,0.5,79.9,1.6,0,6.28,0.16,0.0,0.16,0.33,0.83,Average
Álvaro Odriozola,Real Madrid,27,D(R),0(1),22,0,0,0,0,1.0,100.0,,0,6.28,0.0,0.0,0.0,0.0,0.83,Excellent
Kike García,Osasuna,33,FW,5(20),737,2,0,3,0,1.3,73.5,1.3,0,6.28,0.24,0.0,0.24,0.37,0.83,Average
Ezequiel Ponce,Elche,25,AM(L) FW,8(16),986,3,0,2,0,1.1,76.0,1.3,0,6.28,0.27,0.0,0.27,0.18,0.83,Average
Franck Kessie,Barcelona,26,M(C),4(13),582,0,1,4,0,0.5,86.3,0.2,0,6.27,0.0,0.15,0.15,0.62,0.83,Good
Lucas Pérez,Cadiz,34,AM(CR) FW,5(9),623,3,0,2,0,1.2,83.3,0.1,0,6.27,0.43,0.0,0.43,0.29,0.83,Good
Reinier,Girona,21,AM(C),3(6),342,1,0,1,0,0.4,78.7,0.2,0,6.27,0.26,0.0,0.26,0.26,0.83,Average
Anthony Lozano,Cadiz,29,AM(L) FW,12(9),1191,0,0,3,0,1.1,67.4,2.3,0,6.27,0.0,0.0,0.0,0.23,0.83,Poor
Keidi Bare,Espanyol,25,DMC,3(8),328,0,0,0,0,0.4,84.8,0.4,0,6.27,0.0,0.0,0.0,0.0,0.83,Good
Ander Herrera,Athletic Bilbao,33,M(C),4(4),308,0,1,3,1,0.5,87.6,0.3,0,6.27,0.0,0.29,0.29,1.17,0.83,Good
Oscar Ureña,Girona,19,FORWARD,1(2),99,0,0,0,0,0.3,83.3,,0,6.26,0.0,0.0,0.0,0.0,0.83,Good
Clément Grenier,Mallorca,32,M(CL),6(9),608,0,0,7,0,0.2,79.2,0.2,0,6.26,0.0,0.0,0.0,1.04,0.83,Average
Raúl de Tomás,Rayo Vallecano,28,FW,2(5),222,0,0,1,0,2.3,73.2,0.9,0,6.26,0.0,0.0,0.0,0.41,0.83,Average
Randy Nteka,Elche,25,AM(C) FW,3(2),205,0,0,1,0,0.6,62.7,1.6,0,6.26,0.0,0.0,0.0,0.44,0.83,Poor
Paul Akouokou,Real Betis,25,DMC,2(5),280,0,0,2,0,0.3,93.8,0.3,0,6.26,0.0,0.0,0.0,0.64,0.83,Excellent
Francisco Portillo,Almeria,32,M(CLR),2(14),387,2,0,1,0,0.3,80.5,0.2,0,6.25,0.47,0.0,0.47,0.23,0.83,Good
Alexander Callens,Girona,30,D(CL),0(2),52,0,0,0,0,,86.7,,0,6.25,0.0,0.0,0.0,0.0,0.83,Good
Ángel Algobia,Getafe,23,M(C),11(7),984,0,0,3,0,0.3,82.1,0.3,0,6.25,0.0,0.0,0.0,0.27,0.83,Good
José Mari,Cadiz,35,DMC,2(11),317,0,0,2,0,0.2,82.6,0.3,0,6.25,0.0,0.0,0.0,0.57,0.83,Good
Lázaro,Almeria,21,FW,2(8),262,1,0,0,0,0.4,79.8,,0,6.25,0.34,0.0,0.34,0.0,0.83,Average
Ronaël Pierre-Gabriel,Espanyol,24,D(CLR) M(R),1(4),164,0,0,0,1,0.2,80.0,0.6,0,6.25,0.0,0.0,0.0,0.55,0.83,Average
Arnaut Danjuma,Villarreal,26,AM(L) FW,6(4),480,2,0,0,0,1.2,74.7,,0,6.24,0.38,0.0,0.38,0.0,0.83,Average
Bernardo Espinosa,Girona,33,D(C),10(4),846,0,1,3,0,0.4,88.5,2.6,0,6.24,0.0,0.11,0.11,0.32,0.83,Good
Portu,Getafe,30,M(CLR) FW,10(12),1061,0,2,3,1,0.5,73.8,0.4,0,6.24,0.0,0.17,0.17,0.34,0.83,Average
Augusto Solari,Celta Vigo,31,AM(CR),2(8),211,0,1,0,0,0.2,79.2,0.4,0,6.23,0.0,0.43,0.43,0.0,0.83,Average
Mikel Balenziaga,Athletic Bilbao,35,D(L),1(1),115,0,0,0,0,0.5,73.1,,0,6.23,0.0,0.0,0.0,0.0,0.83,Average
Lisandro Magallán,Elche,29,D(C),5(2),404,0,0,0,1,0.1,73.1,1.0,0,6.23,0.0,0.0,0.0,0.22,0.83,Average
Cristhian Mosquera,Valencia,18,DEFENDER,1(2),143,0,0,0,0,0.7,84.8,1.0,0,6.22,0.0,0.0,0.0,0.0,0.83,Good
Marcos André,Valencia,26,FW,3(13),427,1,0,2,1,1.1,67.8,0.6,0,6.22,0.21,0.0,0.21,0.63,0.83,Poor
Fede San Emeterio,Cadiz,25,DMC,14(7),1091,0,0,7,0,0.2,80.0,0.7,0,6.22,0.0,0.0,0.0,0.58,0.83,Average
Abner,Real Betis,22,D(L) M(L),5(2),367,0,0,2,0,0.4,76.3,0.7,0,6.22,0.0,0.0,0.0,0.49,0.83,Average
Malcom Adu,Athletic Bilbao,21,FORWARD,0(1),4,0,0,0,0,1.0,100.0,,0,6.22,0.0,0.0,0.0,0.0,0.83,Excellent
Nicolás Melamed,Espanyol,21,AM(L),7(12),501,0,2,3,0,0.5,78.9,0.4,0,6.22,0.0,0.36,0.36,0.54,0.83,Average
Aleix Vidal,Espanyol,33,D(R) M(LR),10(9),882,0,1,4,0,0.2,75.7,0.1,0,6.22,0.0,0.1,0.1,0.41,0.83,Average
Jon Magunacelaya,Real Sociedad,21,MIDFIELDER,0(2),64,0,0,0,0,0.5,50.0,,0,6.22,0.0,0.0,0.0,0.0,0.83,Poor
Juanpe,Girona,31,D(C),11(1),932,0,0,3,0,0.2,85.1,1.3,0,6.21,0.0,0.0,0.0,0.29,0.82,Good
Pierre-Emerick Aubameyang,Barcelona,33,M(CLR) FW,0(1),8,0,0,0,0,1.0,100.0,,0,6.21,0.0,0.0,0.0,0.0,0.82,Excellent
Hugo Duro,Valencia,23,AM(L) FW,8(11),895,1,0,4,0,1.2,73.8,0.9,0,6.21,0.1,0.0,0.1,0.4,0.82,Average
Ander Martín,Real Sociedad,22,FORWARD,0(3),39,0,0,0,0,,60.0,0.3,0,6.21,0.0,0.0,0.0,0.0,0.82,Poor
Nicolás Fernández Mercau,Elche,23,M(L),2(9),320,0,0,2,0,0.2,76.6,0.1,0,6.21,0.0,0.0,0.0,0.56,0.82,Average
Gonzalo Montiel,Sevilla,26,D(CR) M(R),11(5),956,0,1,5,1,0.4,81.4,0.6,0,6.21,0.0,0.09,0.09,0.56,0.82,Good
Dyego Sousa,Almeria,33,FW,2(12),353,0,1,1,0,0.7,70.2,1.0,0,6.2,0.0,0.25,0.25,0.25,0.82,Average
Benjamin Lecomte,Espanyol,31,GK,10,900,0,0,1,1,,63.2,,1,6.2,0.0,0.0,0.0,0.2,0.82,Poor
Oier Zarraga,Athletic Bilbao,24,DMC M(R),4(14),607,0,0,4,0,0.8,80.0,0.4,0,6.2,0.0,0.0,0.0,0.59,0.82,Average
Jesús Corona,Sevilla,30,D(R) M(CLR) FW,1,63,0,0,0,0,,88.2,,0,6.2,0.0,0.0,0.0,0.0,0.82,Good
Martin Hongla,Real Valladolid,24,D(C) DMC,5(1),489,0,0,3,1,,77.3,0.8,0,6.2,0.0,0.0,0.0,0.74,0.82,Average
Fidel,Elche,33,M(CLR),9(6),791,1,1,4,0,0.4,73.6,0.1,0,6.2,0.11,0.11,0.23,0.46,0.82,Average
Enzo Roco,Elche,30,D(C),18(1),1480,0,0,3,1,0.5,82.0,2.1,0,6.2,0.0,0.0,0.0,0.24,0.82,Good
Gonçalo Paciência,Celta Vigo,28,FW,4(10),400,1,0,2,1,1.2,58.8,1.2,0,6.2,0.22,0.0,0.22,0.68,0.82,Poor
Franco Russo,Mallorca,28,D(C),2(1),147,0,0,0,0,,76.3,1.0,0,6.19,0.0,0.0,0.0,0.0,0.82,Average
Juanmi Latasa,Getafe,21,FORWARD,0(11),116,0,0,0,0,0.7,55.0,1.5,0,6.19,0.0,0.0,0.0,0.0,0.82,Poor
José Carlos Lazo,Almeria,27,MIDFIELDER,0(1),19,0,0,0,0,2.0,75.0,,0,6.19,0.0,0.0,0.0,0.0,0.82,Average
Gonzalo Villar,Getafe,24,DMC,2(5),206,0,0,2,0,0.1,82.1,0.4,0,6.19,0.0,0.0,0.0,0.87,0.82,Good
Diego González,Elche,28,D(CL),7(7),838,0,0,5,0,0.4,81.1,1.3,0,6.19,0.0,0.0,0.0,0.54,0.82,Good
Bebé,Rayo Vallecano,32,AM(LR) FW,0(4),57,0,0,1,0,1.0,84.2,,0,6.19,0.0,0.0,0.0,1.58,0.82,Good
Robert Navarro,Real Sociedad,20,MIDFIELDER,1(15),333,0,0,2,0,0.8,78.2,0.4,0,6.18,0.0,0.0,0.0,0.54,0.82,Average
Antonio Blanco,Cadiz,22,MIDFIELDER,2(1),159,0,0,0,0,,93.4,1.0,0,6.18,0.0,0.0,0.0,0.0,0.82,Excellent
Aitor Paredes,Athletic Bilbao,22,DEFENDER,2(6),232,0,0,1,0,0.6,85.6,0.3,0,6.18,0.0,0.0,0.0,0.39,0.82,Good
Raúl Parra,Cadiz,23,DEFENDER,0(2),31,0,0,0,0,,42.9,,0,6.18,0.0,0.0,0.0,0.0,0.82,Poor
Jon Morcillo,Athletic Bilbao,24,AM(L),0(10),59,0,1,0,0,0.1,81.1,0.1,0,6.17,0.0,1.53,1.53,0.0,0.82,Good
Iván Alejo,Cadiz,28,AM(R),8(12),824,0,1,7,1,0.7,68.9,0.7,0,6.17,0.0,0.11,0.11,0.87,0.82,Poor
Manu Morlanes,Villarreal,24,DMC,3(2),159,0,0,0,1,,80.0,0.2,0,6.16,0.0,0.0,0.0,0.57,0.82,Average
Ricard Artero,Girona,20,MIDFIELDER,0(1),7,0,0,0,0,,71.4,,0,6.16,0.0,0.0,0.0,0.0,0.82,Average
Rodrigo Battaglia,Mallorca,31,M(C),8(7),686,0,0,5,0,0.1,80.8,0.7,0,6.16,0.0,0.0,0.0,0.66,0.82,Good
Raúl Guti,Elche,26,DMC,10(9),852,0,0,1,0,0.7,82.6,0.3,0,6.16,0.0,0.0,0.0,0.11,0.82,Good
Abdón Prats,Mallorca,30,FW,1(17),251,1,1,0,0,0.3,71.6,0.3,0,6.16,0.36,0.36,0.72,0.0,0.82,Average
Ander Capa,Athletic Bilbao,31,D(R) M(R),0(4),25,0,0,0,0,,85.0,,0,6.16,0.0,0.0,0.0,0.0,0.82,Good
Sergio Asenjo,Real Valladolid,33,GK,8,720,0,0,0,0,,60.7,,1,6.16,0.0,0.0,0.0,0.0,0.82,Poor
Eden Hazard,Real Madrid,32,M(CLR) FW,1(2),98,0,0,0,0,0.7,89.9,,0,6.15,0.0,0.0,0.0,0.0,0.82,Good
Willian José,Real Betis,31,FW,2(17),376,1,0,0,0,0.7,81.5,0.5,0,6.15,0.24,0.0,0.24,0.0,0.82,Good
Toni Villa,Real Valladolid,28,AM(CLR),1(1),91,0,0,0,0,,74.1,,0,6.15,0.0,0.0,0.0,0.0,0.82,Average
Sergio Arribas,Real Madrid,21,MIDFIELDER,0(1),9,0,0,0,0,1.0,100.0,,0,6.14,0.0,0.0,0.0,0.0,0.82,Excellent
Salvi Sánchez,Rayo Vallecano,31,AM(R),3(11),296,0,0,2,0,0.1,61.1,0.1,0,6.14,0.0,0.0,0.0,0.61,0.82,Poor
Radamel Falcao,Rayo Vallecano,37,FW,3(17),497,2,0,4,0,1.0,75.6,0.9,0,6.14,0.36,0.0,0.36,0.72,0.82,Average
Antonio Sánchez,Mallorca,25,AM(CR),7(13),647,0,0,4,0,0.5,77.5,0.3,0,6.13,0.0,0.0,0.0,0.56,0.81,Average
Manu Morlanes,Mallorca,24,DMC,0(2),27,0,0,0,0,,94.7,,0,6.13,0.0,0.0,0.0,0.0,0.81,Excellent
Jaime Seoane,Getafe,26,M(C),2(12),300,0,0,0,0,0.1,79.8,0.1,0,6.13,0.0,0.0,0.0,0.0,0.81,Average
Omar El Hilali,Espanyol,19,DEFENDER,1(4),90,0,0,1,0,,57.7,0.4,0,6.13,0.0,0.0,0.0,1.0,0.81,Poor
Simo,Espanyol,18,DEFENDER,0(5),85,0,0,0,0,,87.5,,0,6.12,0.0,0.0,0.0,0.0,0.81,Good
David Torres,Real Valladolid,20,DEFENDER,1(1),100,0,0,0,0,,76.1,1.0,0,6.12,0.0,0.0,0.0,0.0,0.81,Average
Pep Chavarría,Rayo Vallecano,24,DEFENDER,0(8),96,0,0,1,0,,72.2,0.5,0,6.11,0.0,0.0,0.0,0.94,0.81,Average
Beñat Turrientes,Real Sociedad,21,MIDFIELDER,1(5),102,0,0,0,0,,90.7,,0,6.11,0.0,0.0,0.0,0.0,0.81,Excellent
Roger,Elche,32,FW,8(4),657,0,1,2,0,0.5,75.7,0.5,0,6.11,0.0,0.14,0.14,0.27,0.81,Average
Joel Roca,Girona,17,MIDFIELDER,0(4),65,0,0,1,0,0.5,67.9,,0,6.11,0.0,0.0,0.0,1.38,0.81,Poor
Álex Centelles,Almeria,23,D(L),1(3),134,0,0,0,1,0.3,71.7,,0,6.11,0.0,0.0,0.0,0.67,0.81,Average
Curro Sánchez,Almeria,27,MIDFIELDER,0(2),41,0,0,1,0,0.5,76.9,,0,6.11,0.0,0.0,0.0,2.2,0.81,Average
Arnau Puigmal,Almeria,22,MIDFIELDER,2(11),377,0,0,3,0,0.8,76.7,0.1,0,6.1,0.0,0.0,0.0,0.72,0.81,Average
Josan,Elche,33,D(R) M(R),3(12),433,1,0,3,0,0.2,81.7,0.2,0,6.1,0.21,0.0,0.21,0.62,0.81,Good
Carlos Domínguez,Celta Vigo,22,D(C),0(2),17,0,0,0,0,,91.7,0.5,0,6.1,0.0,0.0,0.0,0.0,0.81,Excellent
Carlos Martín,Atletico,20,FORWARD,0(1),4,0,0,0,0,,100.0,,0,6.1,0.0,0.0,0.0,0.0,0.81,Excellent
Moi Parra,Getafe,20,MIDFIELDER,0(1),9,0,0,0,0,,100.0,,0,6.1,0.0,0.0,0.0,0.0,0.81,Excellent
Ángel Rodríguez,Mallorca,35,FW,1(10),257,0,0,0,0,0.8,75.0,0.7,0,6.1,0.0,0.0,0.0,0.0,0.81,Average
Santiago Arzamendia,Cadiz,24,D(L) M(L),4(5),386,0,0,0,0,0.4,67.9,0.6,0,6.1,0.0,0.0,0.0,0.0,0.81,Poor
Pablo Durán,Celta Vigo,21,FORWARD,0(4),32,0,0,0,0,,70.0,0.3,0,6.09,0.0,0.0,0.0,0.0,0.81,Poor
Iker Muñoz,Osasuna,20,MIDFIELDER,0(1),20,0,0,0,0,,100.0,1.0,0,6.09,0.0,0.0,0.0,0.0,0.81,Excellent
Nabili Zoubdi Touaizi,Espanyol,22,FORWARD,0(1),2,0,0,0,0,,100.0,,0,6.09,0.0,0.0,0.0,0.0,0.81,Excellent
José Ángel Pozo,Rayo Vallecano,27,AM(C),1(6),79,0,0,0,0,0.1,81.6,0.3,0,6.09,0.0,0.0,0.0,0.0,0.81,Good
Manu Trigueros,Villarreal,31,M(CLR) FW,5(9),462,0,0,2,1,0.4,89.0,0.2,0,6.08,0.0,0.0,0.0,0.58,0.81,Good
Lago Junior,Mallorca,32,M(L),0(5),48,0,0,0,0,0.4,75.0,0.8,0,6.08,0.0,0.0,0.0,0.0,0.81,Average
Jorge Meré,Cadiz,25,D(C),0(1),2,0,0,0,0,,50.0,,0,6.08,0.0,0.0,0.0,0.0,0.81,Poor
Matt Doherty,Atletico,31,D(LR) M(LR),0(1),12,0,0,0,0,,60.0,,0,6.08,0.0,0.0,0.0,0.0,0.81,Poor
Fabrizio Angileri,Getafe,29,D(L) M(L),7(3),544,0,0,2,1,0.3,55.4,1.6,0,6.07,0.0,0.0,0.0,0.5,0.81,Poor
Jordan Amavi,Getafe,29,D(L) M(L),1(3),192,0,0,0,1,,50.0,2.0,0,6.07,0.0,0.0,0.0,0.47,0.81,Poor
Loren Morón,Real Betis,29,FW,0(2),13,0,0,1,0,,75.0,,0,6.06,0.0,0.0,0.0,6.92,0.8,Average
Mamady Diarra,Cadiz,22,FORWARD,1(1),66,0,0,0,0,1.5,88.9,,0,6.06,0.0,0.0,0.0,0.0,0.8,Good
Roberto Arroyo,Real Valladolid,19,FORWARD,0(1),14,0,0,0,0,,,,0,6.06,0.0,0.0,0.0,0.0,0.8,
Pablo Torre,Barcelona,19,MIDFIELDER,0(2),27,0,0,0,0,,86.7,,0,6.06,0.0,0.0,0.0,0.0,0.8,Good
Dani Gómez,Espanyol,24,FW,0(7),71,0,0,1,0,,80.0,0.1,0,6.05,0.0,0.0,0.0,1.27,0.8,Average
Luka Koleosho,Espanyol,18,MIDFIELDER,0(2),22,0,0,0,0,,63.6,,0,6.05,0.0,0.0,0.0,0.0,0.8,Poor
Javi Llabrés,Mallorca,20,FORWARD,0(1),16,0,0,0,0,,100.0,,0,6.05,0.0,0.0,0.0,0.0,0.8,Excellent
Fran Delgado,Real Betis,21,DEFENDER,0(1),11,0,0,0,0,,100.0,,0,6.04,0.0,0.0,0.0,0.0,0.8,Excellent
Fran Pérez,Valencia,20,MIDFIELDER,0(6),87,0,0,1,0,0.2,89.8,,0,6.04,0.0,0.0,0.0,1.03,0.8,Good
Ángel Alarcón,Barcelona,18,MIDFIELDER,0(3),22,0,0,0,0,0.3,100.0,,0,6.04,0.0,0.0,0.0,0.0,0.8,Excellent
Mario Suárez,Rayo Vallecano,36,D(C) M(C),0(1),5,0,0,0,0,,66.7,,0,6.03,0.0,0.0,0.0,0.0,0.8,Poor
Juanjo Narváez,Real Valladolid,28,FORWARD,1(4),147,0,0,0,0,0.6,73.5,0.6,0,6.03,0.0,0.0,0.0,0.0,0.8,Average
Jon Karrikaburu,Real Sociedad,20,FORWARD,0(6),87,0,0,1,0,0.8,64.7,0.7,0,6.02,0.0,0.0,0.0,1.03,0.8,Poor
Maximiliano Gómez,Valencia,26,FW,0(3),106,0,0,0,0,1.0,64.3,0.7,0,6.02,0.0,0.0,0.0,0.0,0.8,Poor
Pablo Muñoz,Rayo Vallecano,19,MIDFIELDER,0(2),11,0,0,0,0,,100.0,,0,6.02,0.0,0.0,0.0,0.0,0.8,Excellent
Unai Vencedor,Athletic Bilbao,22,DMC,0(7),142,0,0,2,0,0.4,90.5,0.1,0,6.02,0.0,0.0,0.0,1.27,0.8,Excellent
Mariano Díaz,Real Madrid,29,FW,0(6),51,0,0,2,0,0.5,80.0,0.2,0,6.01,0.0,0.0,0.0,3.53,0.8,Average
Houboulang Mendes,Almeria,24,D(CR),9(3),742,0,1,1,0,0.1,72.0,0.1,0,6.01,0.0,0.12,0.12,0.12,0.8,Average
Ludwig Augustinsson,Mallorca,28,D(L) M(L),1(1),79,0,0,0,0,,70.8,1.0,0,6.01,0.0,0.0,0.0,0.0,0.8,Average
Álex Revuelta,Getafe,22,DEFENDER,0(1),1,0,0,0,0,,,,0,6.0,0.0,0.0,0.0,0.0,0.8,
Ángel Alarcón,Barcelona,18,MIDFIELDER,0(1),1,0,0,0,0,,33.3,,0,6.0,0.0,0.0,0.0,0.0,0.8,Poor
Arnau Tenas,Barcelona,21,GOALKEEPER,1,1,0,0,1,0,,,,0,6.0,0.0,0.0,0.0,90.0,0.8,
Chadi Riad,Barcelona,19,DEFENDER,0(1),1,0,0,0,0,,100.0,,0,6.0,0.0,0.0,0.0,0.0,0.8,Excellent
Diego Méndez,Rayo Vallecano,19,MIDFIELDER,0(1),1,0,0,0,0,,50.0,1.0,0,6.0,0.0,0.0,0.0,0.0,0.8,Poor
Esteban Saveljich,Rayo Vallecano,31,D(C),0(1),1,0,0,0,0,,,,0,6.0,0.0,0.0,0.0,0.0,0.8,
Pedro Ortiz,Sevilla,22,MIDFIELDER,0(1),1,0,0,0,0,,100.0,,0,6.0,0.0,0.0,0.0,0.0,0.8,Excellent
Williot Swedberg,Celta Vigo,19,MIDFIELDER,0(2),34,0,0,1,0,,91.7,,0,6.0,0.0,0.0,0.0,2.65,0.8,Excellent
Domingos Quina,Elche,23,M(CL),2(8),269,0,0,1,1,0.6,85.3,,0,5.99,0.0,0.0,0.0,0.67,0.8,Good
Diego López,Valencia,20,FORWARD,0(1),9,0,0,0,0,,100.0,,0,5.99,0.0,0.0,0.0,0.0,0.8,Excellent
Marko Milovanovic,Almeria,19,FORWARD,0(2),14,0,0,1,0,0.5,44.4,2.5,0,5.99,0.0,0.0,0.0,6.43,0.8,Poor
Awer Mabil,Cadiz,27,AM(LR) FW,1(4),163,0,0,0,0,0.6,72.7,0.2,0,5.99,0.0,0.0,0.0,0.0,0.8,Average
Kenedy,Real Valladolid,27,D(L) M(LR),1(3),81,0,0,1,0,0.3,68.2,0.3,0,5.99,0.0,0.0,0.0,1.11,0.8,Poor
Jaime Mata,Getafe,34,FW,1(9),43,0,0,3,0,0.1,72.2,0.2,0,5.98,0.0,0.0,0.0,6.28,0.79,Average
Fernando Niño,Villarreal,22,FW,0(3),19,0,0,0,0,0.3,100.0,,0,5.96,0.0,0.0,0.0,0.0,0.79,Excellent
Alejandro Alfaro,Elche,20,MIDFIELDER,0(1),14,0,0,0,0,,100.0,,0,5.95,0.0,0.0,0.0,0.0,0.79,Excellent
Selim Amallah,Real Valladolid,26,AM(CL) FW,0(2),55,0,0,0,1,0.5,73.9,1.0,0,5.95,0.0,0.0,0.0,1.64,0.79,Average
Youba Diarra,Cadiz,24,MIDFIELDER,0(3),39,0,0,1,0,,84.2,,0,5.94,0.0,0.0,0.0,2.31,0.79,Good
Javier Pastore,Elche,33,AM(CLR),0(1),4,0,0,0,0,,85.7,,0,5.94,0.0,0.0,0.0,0.0,0.79,Good
Mario Hernández,Rayo Vallecano,24,DEFENDER,0(2),38,0,0,0,0,1.0,77.8,,0,5.94,0.0,0.0,0.0,0.0,0.79,Average
Iván Romero,Sevilla,21,FORWARD,0(1),10,0,0,1,0,,33.3,1.0,0,5.92,0.0,0.0,0.0,9.0,0.79,Poor
Sergio Reguilón,Atletico,26,D(L) M(L),0(4),85,0,0,0,1,,85.1,0.8,0,5.92,0.0,0.0,0.0,1.06,0.79,Good
Roger Martínez,Espanyol,18,MIDFIELDER,0(1),6,0,0,0,0,1.0,100.0,,0,5.91,0.0,0.0,0.0,0.0,0.78,Excellent
Pape Cheikh,Elche,25,DMC,1(1),33,0,0,0,1,,61.5,,0,5.89,0.0,0.0,0.0,2.73,0.78,Poor
Carlos Álvarez,Sevilla,19,MIDFIELDER,0(1),9,0,0,1,0,,100.0,,0,5.89,0.0,0.0,0.0,10.0,0.78,Excellent
Tomás Alarcón,Cadiz,24,DMC,2(2),222,0,0,0,1,0.5,84.3,0.8,0,5.82,0.0,0.0,0.0,0.41,0.77,Good
Álvaro Giménez,Cadiz,31,FW,0(1),16,0,0,0,0,,100.0,,0,5.82,0.0,0.0,0.0,0.0,0.77,Excellent
John Donald,Elche,22,D(C),2(1),151,0,0,0,1,,87.5,0.7,0,5.71,0.0,0.0,0.0,0.6,0.76,Good
Diego López,Rayo Vallecano,41,GK,1,90,0,0,0,0,,70.8,,0,4.63,0.0,0.0,0.0,0.0,0.61,Average
